"Reference","Qty","Value","DNP","Exclude from BOM","Exclude from Board","Exclude from Simulation","Exclude from Position Files","Footprint","Datasheet"
"BT1","1","CR1220","","","","","${EXCLUDE_FROM_POS_FILES}","Battery:BatteryHolder_Keystone_3034_1x20mm",""
"C1,C4,C5,C11,C15,C18,C19,C20,C21,C22,C23,C24,C25,C26,C27,C30,C31,C34,C35,C36,C37,C38,C39,C40,C41,C42,C43,C46,C47,C49,C54,C56,C57,C58,C59,C60,C62,C63,C64,C65,C66","41","100n","","","","","${EXCLUDE_FROM_POS_FILES}","Capacitor_SMD:C_0402_1005Metric",""
"C2,C3,C7,C8,C9,C10,C12,C51,C55","9","10u","","","","","${EXCLUDE_FROM_POS_FILES}","Capacitor_SMD:C_0402_1005Metric",""
"C6,C13,C14,C48","4","22u","","","","","${EXCLUDE_FROM_POS_FILES}","Capacitor_SMD:C_0402_1005Metric",""
"C16,C17,C32,C33","4","15p","","","","","${EXCLUDE_FROM_POS_FILES}","Capacitor_SMD:C_0402_1005Metric",""
"C28,C29,C44,C45,C50,C52,C53,C61","8","1u","","","","","${EXCLUDE_FROM_POS_FILES}","Capacitor_SMD:C_0402_1005Metric",""
"D1","1","SMBJ24A","","","","","${EXCLUDE_FROM_POS_FILES}","Diode_SMD:D_SMB",""
"D2","1","SMBJ33A","","","","","${EXCLUDE_FROM_POS_FILES}","Diode_SMD:D_SMB",""
"D3,D4","2","SS34","","","","","${EXCLUDE_FROM_POS_FILES}","Diode_SMD:D_SMA",""
"D5,D6,D7","3","SS14","","","","","${EXCLUDE_FROM_POS_FILES}","Diode_SMD:D_SOD-123",""
"D8","1","CHG (red)","","","","","${EXCLUDE_FROM_POS_FILES}","LED_SMD:LED_0603_1608Metric",""
"D9","1","PWR (green)","","","","","${EXCLUDE_FROM_POS_FILES}","LED_SMD:LED_0603_1608Metric",""
"D10","1","BT / USER (blue)","","","","","${EXCLUDE_FROM_POS_FILES}","LED_SMD:LED_0603_1608Metric",""
"DZ1","1","BZX84-10V","","","","","${EXCLUDE_FROM_POS_FILES}","Diode_SMD:D_SOD-123",""
"F1","1","PTC 2A","","","","","${EXCLUDE_FROM_POS_FILES}","Fuse:Fuse_1206_3216Metric",""
"FB1","1","Ferrite 600R","","","","","${EXCLUDE_FROM_POS_FILES}","Resistor_SMD:R_0402_1005Metric",""
"J1","1","USB-C (HRO TYPE-C-31-M-12)","","","","","${EXCLUDE_FROM_POS_FILES}","REIN:USB_C_Receptacle_HRO_TYPE-C-31-M-12",""
"J2","1","DC IN 6-36V","","","","","${EXCLUDE_FROM_POS_FILES}","REIN:TerminalBlock_bornier-2_P5.08mm",""
"J3","1","LiPo (JST-PH)","","","","","${EXCLUDE_FROM_POS_FILES}","Connector_JST:JST_PH_S2B-PH-SM4-TB_1x02-1MP_P2.00mm_Horizontal",""
"J4","1","microSD (Hirose DM3AT)","","","","","${EXCLUDE_FROM_POS_FILES}","REIN:microSD_HC_Hirose_DM3AT-SF-PEJM5",""
"J5","1","OLED 0.91in (GND VCC SCL SDA)","","","","","${EXCLUDE_FROM_POS_FILES}","Connector_PinHeader_2.54mm:PinHeader_1x04_P2.54mm_Vertical",""
"J6,J7","2","Qwiic (SH 4-pin)","","","","","${EXCLUDE_FROM_POS_FILES}","Connector_JST:JST_SH_SM04B-SRSS-TB_1x04-1MP_P1.00mm_Horizontal",""
"J8","1","Grove I2C (PH 4-pin)","","","","","${EXCLUDE_FROM_POS_FILES}","Connector_JST:JST_PH_B4B-PH-K_1x04_P2.00mm_Vertical",""
"J9","1","Pi 40-pin HAT socket","","","","","${EXCLUDE_FROM_POS_FILES}","Connector_PinSocket_2.54mm:PinSocket_2x20_P2.54mm_Vertical",""
"J10","1","EEPROM WP jumper (short = writable)","","","","","${EXCLUDE_FROM_POS_FILES}","Connector_PinHeader_2.54mm:PinHeader_1x02_P2.54mm_Vertical",""
"J11","1","SWD (CLK DIO GND RUN 3V3)","","","","","${EXCLUDE_FROM_POS_FILES}","Connector_PinHeader_2.54mm:PinHeader_1x05_P2.54mm_Vertical",""
"J12","1","Debug UART (GND TX RX)","","","","","${EXCLUDE_FROM_POS_FILES}","Connector_PinHeader_2.54mm:PinHeader_1x03_P2.54mm_Vertical",""
"J13","1","ESP UART (GND TX RX 3V3)","","","","","${EXCLUDE_FROM_POS_FILES}","Connector_PinHeader_2.54mm:PinHeader_1x04_P2.54mm_Vertical",""
"J14","1","Breadboard RP2040 5V I/O (22-27, 5V, GND)","","","","","${EXCLUDE_FROM_POS_FILES}","Connector_PinHeader_2.54mm:PinHeader_1x08_P2.54mm_Vertical",""
"J15","1","Breadboard ESP32 5V I/O 1-8","","","","","${EXCLUDE_FROM_POS_FILES}","Connector_PinHeader_2.54mm:PinHeader_1x08_P2.54mm_Vertical",""
"J16","1","Breadboard power (5V 3V3 GND GND)","","","","","${EXCLUDE_FROM_POS_FILES}","Connector_PinHeader_2.54mm:PinHeader_1x04_P2.54mm_Vertical",""
"J17","1","ADC in (AIN0-3, GND, 3V3_A)","","","","","${EXCLUDE_FROM_POS_FILES}","Connector_PinHeader_2.54mm:PinHeader_1x06_P2.54mm_Vertical",""
"J18","1","DAC out (AOUT, GND)","","","","","${EXCLUDE_FROM_POS_FILES}","Connector_PinHeader_2.54mm:PinHeader_1x02_P2.54mm_Vertical",""
"L1","1","10u","","","","","${EXCLUDE_FROM_POS_FILES}","Inductor_SMD:L_1210_3225Metric",""
"L2","1","2.2u","","","","","${EXCLUDE_FROM_POS_FILES}","Inductor_SMD:L_Taiyo-Yuden_NR-40xx",""
"Q1","1","P-MOSFET 40V (reverse protect)","","","","","${EXCLUDE_FROM_POS_FILES}","Package_TO_SOT_SMD:SOT-23",""
"R1,R2","2","5.1k","DNP","","","","${EXCLUDE_FROM_POS_FILES}","Resistor_SMD:R_0402_1005Metric",""
"R3,R5,R13,R14","4","100k","","","","","${EXCLUDE_FROM_POS_FILES}","Resistor_SMD:R_0402_1005Metric",""
"R4","1","732k","","","","","${EXCLUDE_FROM_POS_FILES}","Resistor_SMD:R_0402_1005Metric",""
"R6","1","2k","","","","","${EXCLUDE_FROM_POS_FILES}","Resistor_SMD:R_0402_1005Metric",""
"R7,R10,R11,R12,R19,R20,R27,R33,R34,R35,R36","11","1k","","","","","${EXCLUDE_FROM_POS_FILES}","Resistor_SMD:R_0402_1005Metric",""
"R8","1","1M","","","","","${EXCLUDE_FROM_POS_FILES}","Resistor_SMD:R_0402_1005Metric",""
"R9","1","221k","","","","","${EXCLUDE_FROM_POS_FILES}","Resistor_SMD:R_0402_1005Metric",""
"R15,R16","2","2.2k","","","","","${EXCLUDE_FROM_POS_FILES}","Resistor_SMD:R_0402_1005Metric",""
"R17,R18,R25,R26,R28,R29,R30,R31,R32,R40,R41","11","10k","","","","","${EXCLUDE_FROM_POS_FILES}","Resistor_SMD:R_0402_1005Metric",""
"R21,R22,R23,R24","4","27R","","","","","${EXCLUDE_FROM_POS_FILES}","Resistor_SMD:R_0402_1005Metric",""
"R37","1","100R","","","","","${EXCLUDE_FROM_POS_FILES}","Resistor_SMD:R_0402_1005Metric",""
"R38,R39","2","4.7k","","","","","${EXCLUDE_FROM_POS_FILES}","Resistor_SMD:R_0402_1005Metric",""
"RSH1","1","20m shunt","","","","","${EXCLUDE_FROM_POS_FILES}","Resistor_SMD:R_1206_3216Metric",""
"SW1,SW3","2","BOOTSEL","","","","","${EXCLUDE_FROM_POS_FILES}","Button_Switch_SMD:SW_SPST_TL3342",""
"SW2","1","RESET","","","","","${EXCLUDE_FROM_POS_FILES}","Button_Switch_SMD:SW_SPST_TL3342",""
"SW4","1","PROBE RESET","","","","","${EXCLUDE_FROM_POS_FILES}","Button_Switch_SMD:SW_SPST_TL3342",""
"SW5","1","ESP RESET","","","","","${EXCLUDE_FROM_POS_FILES}","Button_Switch_SMD:SW_SPST_TL3342",""
"SW6","1","ESP BOOT","","","","","${EXCLUDE_FROM_POS_FILES}","Button_Switch_SMD:SW_SPST_TL3342",""
"U1,U3","2","RP2040","","","","","${EXCLUDE_FROM_POS_FILES}","Package_DFN_QFN:QFN-56-1EP_7x7mm_P0.4mm_EP3.2x3.2mm",""
"U2","1","W25Q128JVSIQ","","","","","${EXCLUDE_FROM_POS_FILES}","REIN:SOIC-8_5.23x5.23mm_P1.27mm",""
"U4","1","W25Q16JV","","","","","${EXCLUDE_FROM_POS_FILES}","REIN:SOIC-8_5.23x5.23mm_P1.27mm",""
"U5","1","ESP32-S3-WROOM-1-N8","","","","","${EXCLUDE_FROM_POS_FILES}","RF_Module:ESP32-S3-WROOM-1",""
"U7","1","Wide-in buck 5V (TPS54202-class)","","","","","${EXCLUDE_FROM_POS_FILES}","Package_TO_SOT_SMD:SOT-23-6",""
"U8","1","INA226AIDGSR","","","","","${EXCLUDE_FROM_POS_FILES}","REIN:VSSOP-10_3x3mm_P0.5mm",""
"U9","1","MCP73831T-2ACI/OT","","","","","${EXCLUDE_FROM_POS_FILES}","Package_TO_SOT_SMD:SOT-23-5",""
"U10","1","MAX17048G+T10","","","","","${EXCLUDE_FROM_POS_FILES}","REIN:DFN-8-1EP_2x2mm_P0.5mm_EP0.7x1.3mm",""
"U11","1","TLV62569DBV","","","","","${EXCLUDE_FROM_POS_FILES}","Package_TO_SOT_SMD:SOT-23-5",""
"U12","1","REF3033 (3.3V ref)","","","","","${EXCLUDE_FROM_POS_FILES}","Package_TO_SOT_SMD:SOT-23",""
"U13","1","ADS1115IDGSR","","","","","${EXCLUDE_FROM_POS_FILES}","REIN:VSSOP-10_3x3mm_P0.5mm",""
"U14","1","MCP4725A1T-E/CH","","","","","${EXCLUDE_FROM_POS_FILES}","Package_TO_SOT_SMD:SOT-23-6",""
"U15","1","ATECC608B-SSHDA","","","","","${EXCLUDE_FROM_POS_FILES}","Package_SO:SOIC-8_3.9x4.9mm_P1.27mm",""
"U16","1","DS3231SN#","","","","","${EXCLUDE_FROM_POS_FILES}","Package_SO:SOIC-16W_7.5x10.3mm_P1.27mm",""
"U17","1","USB2.0 4-port hub (CH334-class)","","","","","${EXCLUDE_FROM_POS_FILES}","Package_DFN_QFN:QFN-24-1EP_4x4mm_P0.5mm_EP2.6x2.6mm",""
"U18","1","STUSB4500 (QFN-24)","","","","","${EXCLUDE_FROM_POS_FILES}","Package_DFN_QFN:QFN-24-1EP_4x4mm_P0.5mm_EP2.6x2.6mm",""
"U19","1","USBLC6-2SC6","","","","","${EXCLUDE_FROM_POS_FILES}","Package_TO_SOT_SMD:SOT-23-6",""
"U20","1","TPS22918 (Qwiic switch)","","","","","${EXCLUDE_FROM_POS_FILES}","Package_TO_SOT_SMD:SOT-23-6",""
"U21","1","CAT24C32WI (HAT ID EEPROM)","","","","","${EXCLUDE_FROM_POS_FILES}","Package_SO:SOIC-8_3.9x4.9mm_P1.27mm",""
"U22,U23","2","TXS0108EPWR","","","","","${EXCLUDE_FROM_POS_FILES}","Package_SO:TSSOP-20_4.4x6.5mm_P0.65mm",""
"Y1,Y2","2","12MHz","","","","","${EXCLUDE_FROM_POS_FILES}","Crystal:Crystal_SMD_3225-4Pin_3.2x2.5mm",""
