MCU,GPIO,Net,Function
RP2040 target,GP0,DBG_TX,UART0 TX -> probe
RP2040 target,GP1,DBG_RX,UART0 RX <- probe
RP2040 target,GP2,I2CQ_SDA,I2C1 SDA (Qwiic/Grove)
RP2040 target,GP3,I2CQ_SCL,I2C1 SCL (Qwiic/Grove)
RP2040 target,GP4,I2CA_SDA,I2C0 SDA (bus A)
RP2040 target,GP5,I2CA_SCL,I2C0 SCL (bus A)
RP2040 target,GP6,INT_PWR,Wired-OR alert: PD / INA226 / fuel gauge
RP2040 target,GP7,RTC_INT,DS3231 INT/SQW
RP2040 target,GP8,PI_RXD,UART1 TX -> Pi RXD
RP2040 target,GP9,PI_TXD,UART1 RX <- Pi TXD
RP2040 target,GP10,PI_SCLK,SPI1 SCK (slave to Pi)
RP2040 target,GP11,PI_MISO,SPI1 TX
RP2040 target,GP12,PI_MOSI,SPI1 RX
RP2040 target,GP13,PI_CE0,SPI1 CSn
RP2040 target,GP14,ESP_HS,Handshake with ESP32
RP2040 target,GP15,ESP_DRDY,Data-ready from ESP32
RP2040 target,GP16,ESP_MISO,SPI0 RX
RP2040 target,GP17,ESP_CS,SPI0 CSn
RP2040 target,GP18,ESP_SCK,SPI0 SCK
RP2040 target,GP19,ESP_MOSI,SPI0 TX
RP2040 target,GP20,ESP_EN,ESP32 EN (reset)
RP2040 target,GP21,ESP_IO0,ESP32 IO0 (boot)
RP2040 target,GP22,RP_IO22,5V level-shifted I/O
RP2040 target,GP23,RP_IO23,5V level-shifted I/O
RP2040 target,GP24,RP_IO24,5V level-shifted I/O
RP2040 target,GP25,RP_IO25,5V level-shifted I/O
RP2040 target,GP26,RP_IO26,5V level-shifted I/O
RP2040 target,GP27,RP_IO27,5V level-shifted I/O
RP2040 target,GP28,QWIIC_EN,Qwiic load switch enable
RP2040 target,GP29,VSYS_SENSE,ADC3: VSYS/2
RP2040 probe,GP1,RUN_T,debugprobe
RP2040 probe,GP2,SWCLK,debugprobe
RP2040 probe,GP3,SWDIO,debugprobe
RP2040 probe,GP4,DBG_RX,debugprobe
RP2040 probe,GP5,DBG_TX,debugprobe
ESP32-S3,GND,GND,
ESP32-S3,3V3,3V3,
ESP32-S3,EN,ESP_EN,
ESP32-S3,IO4,ESP_B1,
ESP32-S3,IO5,ESP_B2,
ESP32-S3,IO6,ESP_B3,
ESP32-S3,IO7,ESP_B4,
ESP32-S3,IO15,ESP_B5,
ESP32-S3,IO16,ESP_B6,
ESP32-S3,IO17,ESP_B7,
ESP32-S3,IO18,ESP_B8,
ESP32-S3,IO19_USB_DM,USB_E_DM,
ESP32-S3,IO20_USB_DP,USB_E_DP,
ESP32-S3,IO9,ESP_DRDY,
ESP32-S3,IO10,ESP_CS,
ESP32-S3,IO11,ESP_MOSI,
ESP32-S3,IO12,ESP_SCK,
ESP32-S3,IO13,ESP_MISO,
ESP32-S3,IO14,ESP_HS,
ESP32-S3,IO21,SD_D3,
ESP32-S3,IO0,ESP_IO0,
ESP32-S3,IO38,SD_D2,
ESP32-S3,IO39,SD_CMD,
ESP32-S3,IO40,SD_CLK,
ESP32-S3,IO41,SD_D0,
ESP32-S3,IO42,SD_D1,
ESP32-S3,RXD0_IO44,ESP_RXD0,
ESP32-S3,TXD0_IO43,ESP_TXD0,
ESP32-S3,IO2,LED_USR,
ESP32-S3,GND,GND,
ESP32-S3,GND_EP,GND,
