Ref,Value,Footprint,DNP,Confidence,Note
J1,USB-C (HRO TYPE-C-31-M-12),REIN:USB_C_Receptacle_HRO_TYPE-C-31-M-12,,ok,
R1,5.1k,Resistor_SMD:R_0402_1005Metric,yes,ok,Fit ONLY if PD controller U18 is removed
R2,5.1k,Resistor_SMD:R_0402_1005Metric,yes,ok,Fit ONLY if PD controller U18 is removed
D1,SMBJ24A,Diode_SMD:D_SMB,,ok,
U19,USBLC6-2SC6,Package_TO_SOT_SMD:SOT-23-6,,ok,
U18,STUSB4500 (QFN-24),Package_DFN_QFN:QFN-24-1EP_4x4mm_P0.5mm_EP2.6x2.6mm,,VERIFY,Generic pin order - replace with datasheet pinout
C1,100n,Capacitor_SMD:C_0402_1005Metric,,ok,
J2,DC IN 6-36V,REIN:TerminalBlock_bornier-2_P5.08mm,,ok,
D2,SMBJ33A,Diode_SMD:D_SMB,,ok,
Q1,P-MOSFET 40V (reverse protect),Package_TO_SOT_SMD:SOT-23,,ok,
R3,100k,Resistor_SMD:R_0402_1005Metric,,ok,
DZ1,BZX84-10V,Diode_SMD:D_SOD-123,,ok,
D3,SS34,Diode_SMD:D_SMA,,ok,
D4,SS34,Diode_SMD:D_SMA,,ok,
C2,10u,Capacitor_SMD:C_0402_1005Metric,,ok,
C3,10u,Capacitor_SMD:C_0402_1005Metric,,ok,
U7,Wide-in buck 5V (TPS54202-class),Package_TO_SOT_SMD:SOT-23-6,,VERIFY,Pin order from TPS54202 family - verify; check 36V rating of final part
C4,100n,Capacitor_SMD:C_0402_1005Metric,,ok,
L1,10u,Inductor_SMD:L_1210_3225Metric,,ok,
U8,INA226AIDGSR,REIN:VSSOP-10_3x3mm_P0.5mm,,ok,
C5,100n,Capacitor_SMD:C_0402_1005Metric,,ok,
R4,732k,Resistor_SMD:R_0402_1005Metric,,ok,
R5,100k,Resistor_SMD:R_0402_1005Metric,,ok,
C6,22u,Capacitor_SMD:C_0402_1005Metric,,ok,
F1,PTC 2A,Fuse:Fuse_1206_3216Metric,,ok,
RSH1,20m shunt,Resistor_SMD:R_1206_3216Metric,,ok,
D7,SS14,Diode_SMD:D_SOD-123,,ok,
C7,10u,Capacitor_SMD:C_0402_1005Metric,,ok,
C8,10u,Capacitor_SMD:C_0402_1005Metric,,ok,
U9,MCP73831T-2ACI/OT,Package_TO_SOT_SMD:SOT-23-5,,ok,
R6,2k,Resistor_SMD:R_0402_1005Metric,,ok,
C9,10u,Capacitor_SMD:C_0402_1005Metric,,ok,
C10,10u,Capacitor_SMD:C_0402_1005Metric,,ok,
R7,1k,Resistor_SMD:R_0402_1005Metric,,ok,
D8,CHG (red),LED_SMD:LED_0603_1608Metric,,ok,
J3,LiPo (JST-PH),Connector_JST:JST_PH_S2B-PH-SM4-TB_1x02-1MP_P2.00mm_Horizontal,,ok,
U10,MAX17048G+T10,REIN:DFN-8-1EP_2x2mm_P0.5mm_EP0.7x1.3mm,,VERIFY,Pin order from memory - verify against datasheet
C11,100n,Capacitor_SMD:C_0402_1005Metric,,ok,
D5,SS14,Diode_SMD:D_SOD-123,,ok,
D6,SS14,Diode_SMD:D_SOD-123,,ok,
C12,10u,Capacitor_SMD:C_0402_1005Metric,,ok,
U11,TLV62569DBV,Package_TO_SOT_SMD:SOT-23-5,,ok,
L2,2.2u,Inductor_SMD:L_Taiyo-Yuden_NR-40xx,,ok,
R8,1M,Resistor_SMD:R_0402_1005Metric,,ok,
R9,221k,Resistor_SMD:R_0402_1005Metric,,ok,
C13,22u,Capacitor_SMD:C_0402_1005Metric,,ok,
C14,22u,Capacitor_SMD:C_0402_1005Metric,,ok,
R10,1k,Resistor_SMD:R_0402_1005Metric,,ok,
D9,PWR (green),LED_SMD:LED_0603_1608Metric,,ok,
U1,RP2040,Package_DFN_QFN:QFN-56-1EP_7x7mm_P0.4mm_EP3.2x3.2mm,,ok,
U2,W25Q128JVSIQ,REIN:SOIC-8_5.23x5.23mm_P1.27mm,,ok,
C15,100n,Capacitor_SMD:C_0402_1005Metric,,ok,
Y1,12MHz,Crystal:Crystal_SMD_3225-4Pin_3.2x2.5mm,,ok,
R11,1k,Resistor_SMD:R_0402_1005Metric,,ok,
C16,15p,Capacitor_SMD:C_0402_1005Metric,,ok,
C17,15p,Capacitor_SMD:C_0402_1005Metric,,ok,
C18,100n,Capacitor_SMD:C_0402_1005Metric,,ok,
C19,100n,Capacitor_SMD:C_0402_1005Metric,,ok,
C20,100n,Capacitor_SMD:C_0402_1005Metric,,ok,
C21,100n,Capacitor_SMD:C_0402_1005Metric,,ok,
C22,100n,Capacitor_SMD:C_0402_1005Metric,,ok,
C23,100n,Capacitor_SMD:C_0402_1005Metric,,ok,
C24,100n,Capacitor_SMD:C_0402_1005Metric,,ok,
C25,100n,Capacitor_SMD:C_0402_1005Metric,,ok,
C26,100n,Capacitor_SMD:C_0402_1005Metric,,ok,
C27,100n,Capacitor_SMD:C_0402_1005Metric,,ok,
C28,1u,Capacitor_SMD:C_0402_1005Metric,,ok,
C29,1u,Capacitor_SMD:C_0402_1005Metric,,ok,
R12,1k,Resistor_SMD:R_0402_1005Metric,,ok,
SW1,BOOTSEL,Button_Switch_SMD:SW_SPST_TL3342,,ok,
SW2,RESET,Button_Switch_SMD:SW_SPST_TL3342,,ok,
R13,100k,Resistor_SMD:R_0402_1005Metric,,ok,
R14,100k,Resistor_SMD:R_0402_1005Metric,,ok,
C30,100n,Capacitor_SMD:C_0402_1005Metric,,ok,
R15,2.2k,Resistor_SMD:R_0402_1005Metric,,ok,
R16,2.2k,Resistor_SMD:R_0402_1005Metric,,ok,
R17,10k,Resistor_SMD:R_0402_1005Metric,,ok,
R18,10k,Resistor_SMD:R_0402_1005Metric,,ok,
U3,RP2040,Package_DFN_QFN:QFN-56-1EP_7x7mm_P0.4mm_EP3.2x3.2mm,,ok,
U4,W25Q16JV,REIN:SOIC-8_5.23x5.23mm_P1.27mm,,ok,
C31,100n,Capacitor_SMD:C_0402_1005Metric,,ok,
Y2,12MHz,Crystal:Crystal_SMD_3225-4Pin_3.2x2.5mm,,ok,
R19,1k,Resistor_SMD:R_0402_1005Metric,,ok,
C32,15p,Capacitor_SMD:C_0402_1005Metric,,ok,
C33,15p,Capacitor_SMD:C_0402_1005Metric,,ok,
C34,100n,Capacitor_SMD:C_0402_1005Metric,,ok,
C35,100n,Capacitor_SMD:C_0402_1005Metric,,ok,
C36,100n,Capacitor_SMD:C_0402_1005Metric,,ok,
C37,100n,Capacitor_SMD:C_0402_1005Metric,,ok,
C38,100n,Capacitor_SMD:C_0402_1005Metric,,ok,
C39,100n,Capacitor_SMD:C_0402_1005Metric,,ok,
C40,100n,Capacitor_SMD:C_0402_1005Metric,,ok,
C41,100n,Capacitor_SMD:C_0402_1005Metric,,ok,
C42,100n,Capacitor_SMD:C_0402_1005Metric,,ok,
C43,100n,Capacitor_SMD:C_0402_1005Metric,,ok,
C44,1u,Capacitor_SMD:C_0402_1005Metric,,ok,
C45,1u,Capacitor_SMD:C_0402_1005Metric,,ok,
R20,1k,Resistor_SMD:R_0402_1005Metric,,ok,
SW3,BOOTSEL,Button_Switch_SMD:SW_SPST_TL3342,,ok,
SW4,PROBE RESET,Button_Switch_SMD:SW_SPST_TL3342,,ok,
R21,27R,Resistor_SMD:R_0402_1005Metric,,ok,
R22,27R,Resistor_SMD:R_0402_1005Metric,,ok,
R23,27R,Resistor_SMD:R_0402_1005Metric,,ok,
R24,27R,Resistor_SMD:R_0402_1005Metric,,ok,
U17,USB2.0 4-port hub (CH334-class),Package_DFN_QFN:QFN-24-1EP_4x4mm_P0.5mm_EP2.6x2.6mm,,VERIFY,Generic pin order - replace with datasheet pinout of the chosen hub IC
C46,100n,Capacitor_SMD:C_0402_1005Metric,,ok,
C47,100n,Capacitor_SMD:C_0402_1005Metric,,ok,
U5,ESP32-S3-WROOM-1-N8,RF_Module:ESP32-S3-WROOM-1,,ok,
C48,22u,Capacitor_SMD:C_0402_1005Metric,,ok,
C49,100n,Capacitor_SMD:C_0402_1005Metric,,ok,
R25,10k,Resistor_SMD:R_0402_1005Metric,,ok,
C50,1u,Capacitor_SMD:C_0402_1005Metric,,ok,
SW5,ESP RESET,Button_Switch_SMD:SW_SPST_TL3342,,ok,
R26,10k,Resistor_SMD:R_0402_1005Metric,,ok,
SW6,ESP BOOT,Button_Switch_SMD:SW_SPST_TL3342,,ok,
R27,1k,Resistor_SMD:R_0402_1005Metric,,ok,
D10,BT / USER (blue),LED_SMD:LED_0603_1608Metric,,ok,
J4,microSD (Hirose DM3AT),REIN:microSD_HC_Hirose_DM3AT-SF-PEJM5,,VERIFY,"Pin names from memory; shield pins 10/11 to GND, DET unused"
R28,10k,Resistor_SMD:R_0402_1005Metric,,ok,
R29,10k,Resistor_SMD:R_0402_1005Metric,,ok,
R30,10k,Resistor_SMD:R_0402_1005Metric,,ok,
R31,10k,Resistor_SMD:R_0402_1005Metric,,ok,
R32,10k,Resistor_SMD:R_0402_1005Metric,,ok,
C51,10u,Capacitor_SMD:C_0402_1005Metric,,ok,
U12,REF3033 (3.3V ref),Package_TO_SOT_SMD:SOT-23,,VERIFY,Pin order generic - verify; VSYS must exceed ~3.4V for regulation
C52,1u,Capacitor_SMD:C_0402_1005Metric,,ok,
C53,1u,Capacitor_SMD:C_0402_1005Metric,,ok,
C54,100n,Capacitor_SMD:C_0402_1005Metric,,ok,
FB1,Ferrite 600R,Resistor_SMD:R_0402_1005Metric,,ok,
C55,10u,Capacitor_SMD:C_0402_1005Metric,,ok,
U13,ADS1115IDGSR,REIN:VSSOP-10_3x3mm_P0.5mm,,ok,
C56,100n,Capacitor_SMD:C_0402_1005Metric,,ok,
R33,1k,Resistor_SMD:R_0402_1005Metric,,ok,
R34,1k,Resistor_SMD:R_0402_1005Metric,,ok,
R35,1k,Resistor_SMD:R_0402_1005Metric,,ok,
R36,1k,Resistor_SMD:R_0402_1005Metric,,ok,
U14,MCP4725A1T-E/CH,Package_TO_SOT_SMD:SOT-23-6,,ok,
R37,100R,Resistor_SMD:R_0402_1005Metric,,ok,
U15,ATECC608B-SSHDA,Package_SO:SOIC-8_3.9x4.9mm_P1.27mm,,ok,
C57,100n,Capacitor_SMD:C_0402_1005Metric,,ok,
U16,DS3231SN#,Package_SO:SOIC-16W_7.5x10.3mm_P1.27mm,,ok,
C58,100n,Capacitor_SMD:C_0402_1005Metric,,ok,
BT1,CR1220,Battery:BatteryHolder_Keystone_3034_1x20mm,,ok,
C59,100n,Capacitor_SMD:C_0402_1005Metric,,ok,
J5,OLED 0.91in (GND VCC SCL SDA),Connector_PinHeader_2.54mm:PinHeader_1x04_P2.54mm_Vertical,,ok,
U20,TPS22918 (Qwiic switch),Package_TO_SOT_SMD:SOT-23-6,,VERIFY,Pin order generic - verify
C60,100n,Capacitor_SMD:C_0402_1005Metric,,ok,
C61,1u,Capacitor_SMD:C_0402_1005Metric,,ok,
R38,4.7k,Resistor_SMD:R_0402_1005Metric,,ok,
R39,4.7k,Resistor_SMD:R_0402_1005Metric,,ok,
J6,Qwiic (SH 4-pin),Connector_JST:JST_SH_SM04B-SRSS-TB_1x04-1MP_P1.00mm_Horizontal,,ok,
J7,Qwiic (SH 4-pin),Connector_JST:JST_SH_SM04B-SRSS-TB_1x04-1MP_P1.00mm_Horizontal,,ok,
J8,Grove I2C (PH 4-pin),Connector_JST:JST_PH_B4B-PH-K_1x04_P2.00mm_Vertical,,ok,
J9,Pi 40-pin HAT socket,Connector_PinSocket_2.54mm:PinSocket_2x20_P2.54mm_Vertical,,ok,
U21,CAT24C32WI (HAT ID EEPROM),Package_SO:SOIC-8_3.9x4.9mm_P1.27mm,,ok,
R40,10k,Resistor_SMD:R_0402_1005Metric,,ok,
C62,100n,Capacitor_SMD:C_0402_1005Metric,,ok,
J10,EEPROM WP jumper (short = writable),Connector_PinHeader_2.54mm:PinHeader_1x02_P2.54mm_Vertical,,ok,
J11,SWD (CLK DIO GND RUN 3V3),Connector_PinHeader_2.54mm:PinHeader_1x05_P2.54mm_Vertical,,ok,
J12,Debug UART (GND TX RX),Connector_PinHeader_2.54mm:PinHeader_1x03_P2.54mm_Vertical,,ok,
J13,ESP UART (GND TX RX 3V3),Connector_PinHeader_2.54mm:PinHeader_1x04_P2.54mm_Vertical,,ok,
U22,TXS0108EPWR,Package_SO:TSSOP-20_4.4x6.5mm_P0.65mm,,ok,
C63,100n,Capacitor_SMD:C_0402_1005Metric,,ok,
C64,100n,Capacitor_SMD:C_0402_1005Metric,,ok,
U23,TXS0108EPWR,Package_SO:TSSOP-20_4.4x6.5mm_P0.65mm,,ok,
C65,100n,Capacitor_SMD:C_0402_1005Metric,,ok,
C66,100n,Capacitor_SMD:C_0402_1005Metric,,ok,
R41,10k,Resistor_SMD:R_0402_1005Metric,,ok,
J14,"Breadboard RP2040 5V I/O (22-27, 5V, GND)",Connector_PinHeader_2.54mm:PinHeader_1x08_P2.54mm_Vertical,,ok,
J15,Breadboard ESP32 5V I/O 1-8,Connector_PinHeader_2.54mm:PinHeader_1x08_P2.54mm_Vertical,,ok,
J16,Breadboard power (5V 3V3 GND GND),Connector_PinHeader_2.54mm:PinHeader_1x04_P2.54mm_Vertical,,ok,
J17,"ADC in (AIN0-3, GND, 3V3_A)",Connector_PinHeader_2.54mm:PinHeader_1x06_P2.54mm_Vertical,,ok,
J18,"DAC out (AOUT, GND)",Connector_PinHeader_2.54mm:PinHeader_1x02_P2.54mm_Vertical,,ok,
