Net,Pin count,Connections
1V1_P,6,U3.23(DVDD) U3.45(VREG_VOUT) U3.50(DVDD) C42.1(1) C43.1(1) C45.1(1)
1V1_T,6,U1.23(DVDD) U1.45(VREG_VOUT) U1.50(DVDD) C26.1(1) C27.1(1) C29.1(1)
3V3,88,U18.11(VDD) C1.1(1) U8.6(VS) C5.1(1) L2.2(2) R8.1(1) C13.1(1) C14.1(1) R10.1(1) U1.1(IOVDD) U1.10(IOVDD) U1.22(IOVDD) U1.33(IOVDD) U1.42(IOVDD) U1.43(ADC_AVDD) U1.44(VREG_VIN) U1.48(USB_VDD) U1.49(IOVDD) U2.8(VCC) C15.1(1) C18.1(1) C19.1(1) C20.1(1) C21.1(1) C22.1(1) C23.1(1) C24.1(1) C25.1(1) C28.1(1) R15.2(2) R16.2(2) R17.2(2) R18.2(2) U3.1(IOVDD) U3.10(IOVDD) U3.22(IOVDD) U3.33(IOVDD) U3.42(IOVDD) U3.43(ADC_AVDD) U3.44(VREG_VIN) U3.48(USB_VDD) U3.49(IOVDD) U4.8(VCC) C31.1(1) C34.1(1) C35.1(1) C36.1(1) C37.1(1) C38.1(1) C39.1(1) C40.1(1) C41.1(1) C44.1(1) U17.11(VDD33) C46.1(1) C47.1(1) U5.2(3V3) C48.1(1) C49.1(1) R25.1(1) R26.1(1) J4.4(VDD) R28.2(2) R29.2(2) R30.2(2) R31.2(2) R32.2(2) C51.1(1) FB1.1(1) U15.8(VCC) C57.1(1) U16.2(VCC) C58.1(1) J5.2(VCC) U20.1(VIN) C60.1(1) U21.8(VCC) R40.2(2) C62.1(1) J11.5(3V3) J13.4(3V3) U22.2(VCCA) C63.1(1) U23.2(VCCA) C65.1(1) R41.2(2) J16.2(3V3) #FLG2.1(pwr)
3V3_A,6,FB1.2(2) C55.1(1) U13.8(VDD) C56.1(1) J17.6(3V3A) #FLG3.1(pwr)
5V,17,U8.8(VBUS) U8.9(IN-) RSH1.2(2) D7.1(K) C7.1(1) C8.1(1) U9.4(VDD) C9.1(1) R7.1(1) D5.2(A) U22.19(VCCB) C64.1(1) U23.19(VCCB) C66.1(1) J14.7(5V) J16.1(5V) #FLG4.1(pwr)
5V_BUCK,4,L1.2(2) R4.1(1) C6.1(1) F1.1(1)
5V_F,3,U8.10(IN+) F1.2(2) RSH1.1(1)
AIN0,2,U13.4(AIN0) R33.2(2)
AIN0_H,2,R33.1(1) J17.1(AIN0)
AIN1,2,U13.5(AIN1) R34.2(2)
AIN1_H,2,R34.1(1) J17.2(AIN1)
AIN2,2,U13.6(AIN2) R35.2(2)
AIN2_H,2,R35.1(1) J17.3(AIN2)
AIN3,2,U13.7(AIN3) R36.2(2)
AIN3_H,2,R36.1(1) J17.4(AIN3)
AOUT_H,2,R37.2(2) J18.1(AOUT)
BB_22,2,U22.20(B1) J14.1(IO22)
BB_23,2,U22.18(B2) J14.2(IO23)
BB_24,2,U22.17(B3) J14.3(IO24)
BB_25,2,U22.16(B4) J14.4(IO25)
BB_26,2,U22.15(B5) J14.5(IO26)
BB_27,2,U22.14(B6) J14.6(IO27)
BE_1,2,U23.20(B1) J15.1(E1)
BE_2,2,U23.18(B2) J15.2(E2)
BE_3,2,U23.17(B3) J15.3(E3)
BE_4,2,U23.16(B4) J15.4(E4)
BE_5,2,U23.15(B5) J15.5(E5)
BE_6,2,U23.14(B6) J15.6(E6)
BE_7,2,U23.13(B7) J15.7(E7)
BE_8,2,U23.12(B8) J15.8(E8)
BK3_FB,3,U11.5(FB) R8.2(2) R9.1(1)
BK3_SW,2,U11.3(SW) L2.1(1)
BK5_BST,2,U7.6(BST) C4.1(1)
BK5_FB,3,U7.4(FB) R4.2(2) R5.1(1)
BK5_SW,3,U7.2(SW) C4.2(2) L1.1(1)
BOOTR_P,2,R20.2(2) SW3.1(1)
BOOTR_T,2,R12.2(2) SW1.1(1)
CC1,3,J1.A5(A5) R1.1(1) U18.1(CC1)
CC2,3,J1.B5(B5) R2.1(1) U18.2(CC2)
CHG_LED_A,2,R7.2(2) D8.2(A)
CHG_PROG,2,U9.5(PROG) R6.1(1)
CHG_STAT,2,U9.1(STAT) D8.1(K)
DAC_OUT,2,U14.1(VOUT) R37.1(1)
DBG_RX,3,U1.3(GPIO1) U3.6(GPIO4) J12.3(RX)
DBG_TX,3,U1.2(GPIO0) U3.7(GPIO5) J12.2(TX)
EE_WP,3,U21.7(WP) R40.1(1) J10.1(WP)
ESP_B1,2,U5.4(IO4) U23.1(A1)
ESP_B2,2,U5.5(IO5) U23.3(A2)
ESP_B3,2,U5.6(IO6) U23.4(A3)
ESP_B4,2,U5.7(IO7) U23.5(A4)
ESP_B5,2,U5.8(IO15) U23.6(A5)
ESP_B6,2,U5.9(IO16) U23.7(A6)
ESP_B7,2,U5.10(IO17) U23.8(A7)
ESP_B8,2,U5.11(IO18) U23.9(A8)
ESP_CS,2,U1.28(GPIO17) U5.18(IO10)
ESP_DRDY,2,U1.18(GPIO15) U5.17(IO9)
ESP_EN,5,U1.31(GPIO20) U5.3(EN) R25.2(2) C50.1(1) SW5.1(1)
ESP_HS,2,U1.17(GPIO14) U5.22(IO14)
ESP_IO0,4,U1.32(GPIO21) U5.27(IO0) R26.2(2) SW6.1(1)
ESP_MISO,2,U1.27(GPIO16) U5.21(IO13)
ESP_MOSI,2,U1.30(GPIO19) U5.19(IO11)
ESP_RXD0,2,U5.36(RXD0_IO44) J13.3(RX)
ESP_SCK,2,U1.29(GPIO18) U5.20(IO12)
ESP_TXD0,2,U5.37(TXD0_IO43) J13.2(TX)
GND,163,J1.A1(A1) J1.A12(A12) J1.B1(B1) J1.B12(B12) J1.S1(S1) R1.2(2) R2.2(2) D1.2(A) U19.2(GND) U18.8(ADDR0) U18.9(ADDR1) U18.10(RESET) U18.24(GND) U18.25(EP) C1.2(2) J2.2(GND) D2.2(A) R3.2(2) C2.2(2) C3.2(2) U7.1(GND) U8.1(A1) U8.2(A0) U8.7(GND) C5.2(2) R5.2(2) C6.2(2) C7.2(2) C8.2(2) U9.2(VSS) R6.2(2) C9.2(2) C10.2(2) J3.2(-) J3.MP(MP) U10.3(GND) U10.4(QSTRT) U10.8(CTG) U10.9(EP) C11.2(2) C12.2(2) U11.2(GND) R9.2(2) C13.2(2) C14.2(2) D9.1(K) U1.19(TESTEN) U1.57(GND) U2.4(GND) C15.2(2) Y1.2(GND) Y1.4(GND) C16.2(2) C17.2(2) C18.2(2) C19.2(2) C20.2(2) C21.2(2) C22.2(2) C23.2(2) C24.2(2) C25.2(2) C26.2(2) C27.2(2) C28.2(2) C29.2(2) SW1.2(2) SW2.2(2) R14.2(2) C30.2(2) U3.19(TESTEN) U3.57(GND) U4.4(GND) C31.2(2) Y2.2(GND) Y2.4(GND) C32.2(2) C33.2(2) C34.2(2) C35.2(2) C36.2(2) C37.2(2) C38.2(2) C39.2(2) C40.2(2) C41.2(2) C42.2(2) C43.2(2) C44.2(2) C45.2(2) SW3.2(2) SW4.2(2) U17.24(GND) U17.25(EP) C46.2(2) C47.2(2) U5.1(GND) U5.40(GND) U5.41(GND_EP) C48.2(2) C49.2(2) C50.2(2) SW5.2(2) SW6.2(2) D10.1(K) J4.6(VSS) J4.10(SH1) J4.11(SH2) C51.2(2) U12.3(GND) C52.2(2) C53.2(2) C54.2(2) C55.2(2) U13.1(ADDR) U13.3(GND) C56.2(2) U14.2(VSS) U14.6(A0) U15.4(GND) C57.2(2) U16.13(GND) C58.2(2) BT1.2(-) C59.2(2) J5.1(GND) U20.2(GND) C60.2(2) C61.2(2) J6.1(GND) J6.MP(MP) J7.1(GND) J7.MP(MP) J8.4(GND) J9.6(P6) J9.9(P9) J9.14(P14) J9.20(P20) J9.25(P25) J9.30(P30) J9.34(P34) J9.39(P39) U21.1(A0) U21.2(A1) U21.3(A2) U21.4(VSS) C62.2(2) J10.2(GND) J11.3(GND) J12.1(GND) J13.1(GND) U22.11(GND) C63.2(2) C64.2(2) U23.11(GND) C65.2(2) C66.2(2) J14.8(GND) J16.3(GND) J16.4(GND) J17.5(GND) J18.2(GND) #FLG1.1(pwr)
HUB_DM1,2,R24.1(1) U17.4(DM1)
HUB_DM2,2,R22.1(1) U17.6(DM2)
HUB_DP1,2,R23.1(1) U17.3(DP1)
HUB_DP2,2,R21.1(1) U17.5(DP2)
I2CA_SCL,10,U18.6(SCL) U8.5(SCL) U10.6(SCL) U1.7(GPIO5) R16.1(1) U13.10(SCL) U14.5(SCL) U15.6(SCL) U16.16(SCL) J5.3(SCL)
I2CA_SDA,10,U18.5(SDA) U8.4(SDA) U10.5(SDA) U1.6(GPIO4) R15.1(1) U13.9(SDA) U14.4(SDA) U15.5(SDA) U16.15(SDA) J5.4(SDA)
I2CQ_SCL,5,U1.5(GPIO3) R39.1(1) J6.4(SCL) J7.4(SCL) J8.1(SCL)
I2CQ_SDA,5,U1.4(GPIO2) R38.1(1) J6.3(SDA) J7.3(SDA) J8.2(SDA)
ID_SC,2,J9.28(P28) U21.6(SCL)
ID_SD,2,J9.27(P27) U21.5(SDA)
INT_PWR,5,U18.7(ALERT) U8.3(ALERT) U10.7(ALRT) U1.8(GPIO6) R17.1(1)
LED_USR,2,U5.38(IO2) R27.1(1)
LED_USR_A,2,R27.2(2) D10.2(A)
PI_5V,3,D7.2(A) J9.2(P2) J9.4(P4)
PI_CE0,2,U1.16(GPIO13) J9.24(P24)
PI_MISO,2,U1.14(GPIO11) J9.21(P21)
PI_MOSI,2,U1.15(GPIO12) J9.19(P19)
PI_RXD,2,U1.11(GPIO8) J9.10(P10)
PI_SCLK,2,U1.13(GPIO10) J9.23(P23)
PI_TXD,2,U1.12(GPIO9) J9.8(P8)
PWR_LED_A,2,R10.2(2) D9.2(A)
Q1_G,3,Q1.1(G) R3.1(1) DZ1.2(A)
Q3V3,8,U20.6(VOUT) C61.1(1) R38.2(2) R39.2(2) J6.2(3V3) J7.2(3V3) J8.3(VCC) #FLG8.1(pwr)
QSPI_SCLK_P,2,U3.52(QSPI_SCLK) U4.6(CLK)
QSPI_SCLK_T,2,U1.52(QSPI_SCLK) U2.6(CLK)
QSPI_SD0_P,2,U3.53(QSPI_SD0) U4.5(DI/IO0)
QSPI_SD0_T,2,U1.53(QSPI_SD0) U2.5(DI/IO0)
QSPI_SD1_P,2,U3.55(QSPI_SD1) U4.2(DO/IO1)
QSPI_SD1_T,2,U1.55(QSPI_SD1) U2.2(DO/IO1)
QSPI_SD2_P,2,U3.54(QSPI_SD2) U4.3(WP#/IO2)
QSPI_SD2_T,2,U1.54(QSPI_SD2) U2.3(WP#/IO2)
QSPI_SD3_P,2,U3.51(QSPI_SD3) U4.7(HOLD#/IO3)
QSPI_SD3_T,2,U1.51(QSPI_SD3) U2.7(HOLD#/IO3)
QSPI_SS_P,3,U3.56(QSPI_SS) U4.1(CS#) R20.1(1)
QSPI_SS_T,3,U1.56(QSPI_SS) U2.1(CS#) R12.1(1)
QWIIC_EN,2,U1.40(GPIO28_ADC2) U20.3(ON)
RP_IO22,2,U1.34(GPIO22) U22.1(A1)
RP_IO23,2,U1.35(GPIO23) U22.3(A2)
RP_IO24,2,U1.36(GPIO24) U22.4(A3)
RP_IO25,2,U1.37(GPIO25) U22.5(A4)
RP_IO26,2,U1.38(GPIO26_ADC0) U22.6(A5)
RP_IO27,2,U1.39(GPIO27_ADC1) U22.7(A6)
RTC_INT,3,U1.9(GPIO7) R18.1(1) U16.3(INT#/SQW)
RTC_VBAT,3,U16.14(VBAT) BT1.1(+) C59.1(1)
RUN_P,2,U3.26(RUN) SW4.1(1)
RUN_T,4,U1.26(RUN) SW2.1(1) U3.3(GPIO1) J11.4(RUN)
SD_CLK,2,U5.33(IO40) J4.5(CLK)
SD_CMD,3,U5.32(IO39) J4.3(CMD) R32.1(1)
SD_D0,3,U5.34(IO41) J4.7(DAT0) R28.1(1)
SD_D1,3,U5.35(IO42) J4.8(DAT1) R29.1(1)
SD_D2,3,U5.31(IO38) J4.1(DAT2) R30.1(1)
SD_D3,3,U5.23(IO21) J4.2(DAT3/CD) R31.1(1)
SWCLK,3,U1.24(SWCLK) U3.4(GPIO2) J11.1(SWCLK)
SWDIO,3,U1.25(SWD) U3.5(GPIO3) J11.2(SWDIO)
TXS_OE,3,U22.10(OE) U23.10(OE) R41.1(1)
USB_DM_C,5,J1.A7(A7) J1.B7(B7) U19.3(IO2) U19.4(IO2b) U17.2(UP_DM)
USB_DP_C,5,J1.A6(A6) J1.B6(B6) U19.1(IO1) U19.6(IO1b) U17.1(UP_DP)
USB_E_DM,2,U17.8(DM3) U5.13(IO19_USB_DM)
USB_E_DP,2,U17.7(DP3) U5.14(IO20_USB_DP)
USB_P_DM,2,U3.46(USB_DM) R22.2(2)
USB_P_DP,2,U3.47(USB_DP) R21.2(2)
USB_T_DM,2,U1.46(USB_DM) R24.2(2)
USB_T_DP,2,U1.47(USB_DP) R23.2(2)
VBAT,8,U9.3(VBAT) C10.1(1) J3.1(+) U10.1(CELL) U10.2(VDD) C11.1(1) D6.2(A) #FLG5.1(pwr)
VBUS,10,J1.A4(A4) J1.A9(A9) J1.B4(B4) J1.B9(B9) D1.1(K) U19.5(VBUS) U18.3(VBUS_SENSE) D3.2(A) U17.12(VBUS_DET) #FLG10.1(pwr)
VDC_PROT,3,Q1.2(S) DZ1.1(K) D4.2(A)
VDC_RAW,3,J2.1(VDC+) D2.1(K) Q1.3(D)
VIN,7,D3.1(K) D4.1(K) C2.1(1) C3.1(1) U7.3(VIN) U7.5(EN) #FLG9.1(pwr)
VREF_3V3,5,U12.2(VOUT) C53.1(1) C54.1(1) U14.3(VDD) #FLG7.1(pwr)
VSYS,9,D5.1(K) D6.1(K) C12.1(1) U11.1(EN) U11.4(VIN) R13.1(1) U12.1(VIN) C52.1(1) #FLG6.1(pwr)
VSYS_SENSE,4,U1.41(GPIO29_ADC3) R13.2(2) R14.1(1) C30.1(1)
XIN_P,3,U3.20(XIN) Y2.1(XIN) C32.1(1)
XIN_T,3,U1.20(XIN) Y1.1(XIN) C16.1(1)
XOUT_P,2,U3.21(XOUT) R19.1(1)
XOUT_R_P,3,Y2.3(XOUT) R19.2(2) C33.1(1)
XOUT_R_T,3,Y1.3(XOUT) R11.2(2) C17.1(1)
XOUT_T,2,U1.21(XOUT) R11.1(1)
